Family,Attribute,Command Name,Specific Rule,Generic Rule,C.R.A.S.H.,Status,Error Message
ovs_datapath,OVS_DP_ATTR_USER_FEATURES,OVS_DP_CMD_SET (4),Null,NumNull,H,Confirmed,Numerical result out of range
ovs_datapath,OVS_DP_ATTR_USER_FEATURES,OVS_DP_CMD_NEW (1),Null,NumNull,H,Confirmed,Numerical result out of range
ovs_datapath,OVS_DP_ATTR_UPCALL_PID,OVS_DP_CMD_NEW (1),Null,NumNull,H,Confirmed,Numerical result out of range
ovs_vport,OVS_VPORT_ATTR_UPCALL_PID,OVS_VPORT_CMD_NEW (1),Null,StructNull,H,Confirmed,Numerical result out of range
ovs_vport,OVS_VPORT_ATTR_UPCALL_PID,OVS_VPORT_CMD_SET (4),ObjCommon,StructCommon,H,Confirmed,Numerical result out of range
ovs_vport,OVS_VPORT_ATTR_UPCALL_PID,OVS_VPORT_CMD_SET (4),Null,StructNull,H,Confirmed,Numerical result out of range
ovs_vport,OVS_VPORT_ATTR_UPCALL_PID,OVS_VPORT_CMD_NEW (1),ObjCommon,StructCommon,H,Confirmed,Numerical result out of range
ovs_vport,OVS_VPORT_ATTR_IFINDEX,OVS_VPORT_CMD_NEW (1),NumOverflowInt,NumOverflow,H,Confirmed,Operation not supported
ovs_vport,OVS_VPORT_ATTR_PORT_NO,OVS_VPORT_CMD_NEW (1),Null,NumNull,H,Confirmed,Numerical result out of range
ovs_vport,OVS_VPORT_ATTR_TYPE,OVS_VPORT_CMD_SET (4),Null,NumNull,H,Confirmed,Numerical result out of range
ovs_vport,OVS_VPORT_ATTR_TYPE,OVS_VPORT_CMD_NEW (1),Null,NumNull,H,Confirmed,Numerical result out of range
ovs_vport,OVS_VPORT_ATTR_IFINDEX,OVS_VPORT_CMD_NEW (1),NumMinInt,NumMinType,H,Confirmed,Operation not supported
ovs_vport,OVS_VPORT_ATTR_IFINDEX,OVS_VPORT_CMD_NEW (1),Null,NumNull,H,Confirmed,Numerical result out of range
ovs_vport,OVS_VPORT_ATTR_TYPE,OVS_VPORT_CMD_NEW (1),NumMinUint,NumMinType,H,Confirmed,Address family not supported by protocol
ovs_vport,OVS_VPORT_ATTR_TYPE,OVS_VPORT_CMD_NEW (1),NumMaxUint,NumMaxType,H,Confirmed,Address family not supported by protocol
ovs_vport,OVS_VPORT_ATTR_TYPE,OVS_VPORT_CMD_NEW (1),NumOverflowUint,NumOverflow,H,Confirmed,Address family not supported by protocol
ovs_vport,OVS_VPORT_ATTR_TYPE,OVS_VPORT_CMD_NEW (1),NumUnderflowUint,NumUnderflow,H,Confirmed,Address family not supported by protocol
ovs_vport,OVS_VPORT_ATTR_PORT_NO,OVS_VPORT_CMD_NEW (1),NumMaxUint,NumMaxType,H,Confirmed,File too large
ovs_vport,OVS_VPORT_ATTR_PORT_NO,OVS_VPORT_CMD_NEW (1),NumUnderflowUint,NumUnderflow,H,Confirmed,File too large
ovs_vport,OVS_VPORT_ATTR_IFINDEX,OVS_VPORT_CMD_NEW (1),NumUnderflowInt,NumUnderflow,H,Confirmed,Operation not supported
ovs_vport,OVS_VPORT_ATTR_IFINDEX,OVS_VPORT_CMD_NEW (1),NumMaxInt,NumMaxType,H,Confirmed,Operation not supported
ovs_flow,OVS_FLOW_ATTR_UFID,OVS_FLOW_CMD_NEW (1),Null,NumNull,H,Confirmed,Numerical result out of range
ovs_flow,OVS_FLOW_ATTR_UFID_FLAGS,OVS_FLOW_CMD_GET (3),Null,NumNull,H,Confirmed,Numerical result out of range
ovs_flow,OVS_FLOW_ATTR_CLEAR,OVS_FLOW_CMD_SET (4),NumMinInt,NumMinType,H,Confirmed,Numerical result out of range
ovs_flow,OVS_FLOW_ATTR_PROBE,OVS_FLOW_CMD_NEW (1),NumMaxUint8,NumMaxType,H,Confirmed,Numerical result out of range
ovs_flow,OVS_FLOW_ATTR_PROBE,OVS_FLOW_CMD_SET (4),NumMinUint8,NumMinType,H,Confirmed,Numerical result out of range
ovs_flow,OVS_FLOW_ATTR_PROBE,OVS_FLOW_CMD_NEW (1),NumOverflowUint8,NumOverflow,H,Confirmed,Numerical result out of range
ovs_flow,OVS_FLOW_ATTR_PROBE,OVS_FLOW_CMD_NEW (1),NumUnderflowUint8,NumUnderflow,H,Confirmed,Numerical result out of range
ovs_flow,OVS_FLOW_ATTR_PROBE,OVS_FLOW_CMD_SET (4),NumOverflowUint8,NumOverflow,H,Confirmed,Numerical result out of range
ovs_flow,OVS_FLOW_ATTR_UFID_FLAGS,OVS_FLOW_CMD_NEW (1),Null,NumNull,H,Confirmed,Numerical result out of range
ovs_flow,OVS_FLOW_ATTR_PROBE,OVS_FLOW_CMD_GET (3),NumMinUint8,NumMinType,H,Confirmed,Numerical result out of range
ovs_flow,OVS_FLOW_ATTR_UFID_FLAGS,OVS_FLOW_CMD_SET (4),Null,NumNull,H,Confirmed,Numerical result out of range
ovs_flow,OVS_FLOW_ATTR_PROBE,OVS_FLOW_CMD_SET (4),NumMaxUint8,NumMaxType,H,Confirmed,Numerical result out of range
ovs_flow,OVS_FLOW_ATTR_PROBE,OVS_FLOW_CMD_GET (3),NumUnderflowUint8,NumUnderflow,H,Confirmed,Numerical result out of range
ovs_flow,OVS_FLOW_ATTR_PROBE,OVS_FLOW_CMD_SET (4),NumUnderflowUint8,NumUnderflow,H,Confirmed,Numerical result out of range
ovs_flow,OVS_FLOW_ATTR_PROBE,OVS_FLOW_CMD_DEL (2),NumUnderflowUint8,NumUnderflow,H,Confirmed,Numerical result out of range
ovs_flow,OVS_FLOW_ATTR_PROBE,OVS_FLOW_CMD_GET (3),NumMaxUint8,NumMaxType,H,Confirmed,Numerical result out of range
ovs_flow,OVS_FLOW_ATTR_PROBE,OVS_FLOW_CMD_GET (3),NumOverflowUint8,NumOverflow,H,Confirmed,Numerical result out of range
ovs_flow,OVS_FLOW_ATTR_CLEAR,OVS_FLOW_CMD_SET (4),NumUnderflowInt,NumUnderflow,H,Confirmed,Numerical result out of range
ovs_flow,OVS_FLOW_ATTR_PROBE,OVS_FLOW_CMD_NEW (1),NumMinUint8,NumMinType,H,Confirmed,Numerical result out of range
ovs_flow,OVS_FLOW_ATTR_CLEAR,OVS_FLOW_CMD_SET (4),NumOverflowInt,NumOverflow,H,Confirmed,Numerical result out of range
ovs_flow,OVS_FLOW_ATTR_CLEAR,OVS_FLOW_CMD_SET (4),NumMaxInt,NumMaxType,H,Confirmed,Numerical result out of range
ovs_flow,OVS_FLOW_ATTR_PROBE,OVS_FLOW_CMD_DEL (2),NumMinUint8,NumMinType,H,Confirmed,Numerical result out of range
ovs_flow,OVS_FLOW_ATTR_UFID,OVS_FLOW_CMD_DEL (2),Null,StructNull,H,Confirmed,Numerical result out of range
ovs_flow,OVS_FLOW_ATTR_UFID,OVS_FLOW_CMD_DEL (2),ObjCommon,StructCommon,H,Confirmed,Numerical result out of range
ovs_flow,OVS_FLOW_ATTR_UFID_FLAGS,OVS_FLOW_CMD_DEL (2),Null,NumNull,H,Confirmed,Numerical result out of range
ovs_flow,OVS_FLOW_ATTR_UFID,OVS_FLOW_CMD_GET (3),ObjCommon,StructCommon,H,Confirmed,Numerical result out of range
ovs_flow,OVS_FLOW_ATTR_PROBE,OVS_FLOW_CMD_DEL (2),NumMaxUint8,NumMaxType,H,Confirmed,Numerical result out of range
ovs_flow,OVS_FLOW_ATTR_PROBE,OVS_FLOW_CMD_DEL (2),NumOverflowUint8,NumOverflow,H,Confirmed,Numerical result out of range
ovs_flow,OVS_FLOW_ATTR_UFID,OVS_FLOW_CMD_SET (4),Null,StructNull,H,Confirmed,Numerical result out of range
ovs_flow,OVS_FLOW_ATTR_UFID,OVS_FLOW_CMD_NEW (1),ObjCommon,StructCommon,H,Confirmed,Numerical result out of range
ovs_flow,OVS_FLOW_ATTR_UFID,OVS_FLOW_CMD_SET (4),ObjCommon,StructCommon,H,Confirmed,Numerical result out of range
ovs_flow,OVS_FLOW_ATTR_UFID,OVS_FLOW_CMD_NEW (1),ObjPrimitive,StructPrimitive,S,Confirmed,None
ovs_flow,OVS_FLOW_ATTR_UFID,OVS_FLOW_CMD_GET (3),Null,StructNull,H,Confirmed,Numerical result out of range
ovs_packet,OVS_PACKET_ATTR_PACKET,OVS_PACKET_CMD_EXECUTE (3),Null,StructNull,H,Confirmed,Numerical result out of range
ovs_packet,OVS_PACKET_ATTR_MRU,OVS_PACKET_CMD_EXECUTE (3),Null,NumNull,H,Confirmed,Numerical result out of range
ovs_packet,OVS_PACKET_ATTR_PACKET,OVS_PACKET_CMD_EXECUTE (3),ObjCommon,StructCommon,H,Confirmed,Numerical result out of range
ovs_packet,OVS_PACKET_ATTR_PACKET,OVS_PACKET_CMD_EXECUTE (3),ObjPrimitive,StructPrimitive,H,Confirmed,Numerical result out of range
ovs_meter,OVS_METER_ATTR_STATS,OVS_METER_CMD_SET (2),Null,StructNull,H,Confirmed,Numerical result out of range
ovs_meter,OVS_METER_ATTR_ID,OVS_METER_CMD_GET (4),Null,NumNull,H,Confirmed,Numerical result out of range
ovs_meter,OVS_METER_ATTR_ID,OVS_METER_CMD_SET (2),Null,NumNull,H,Confirmed,Numerical result out of range
ovs_meter,OVS_METER_ATTR_KBPS,OVS_METER_CMD_SET (2),NumMinUint,NumMinType,H,Confirmed,Numerical result out of range
ovs_meter,OVS_METER_ATTR_CLEAR,OVS_METER_CMD_SET (2),NumMaxUint,NumMaxType,H,Confirmed,Numerical result out of range
ovs_meter,OVS_METER_ATTR_CLEAR,OVS_METER_CMD_SET (2),NumMinUint,NumMinType,H,Confirmed,Numerical result out of range
ovs_meter,OVS_METER_ATTR_KBPS,OVS_METER_CMD_SET (2),NumOverflowUint,NumOverflow,H,Confirmed,Numerical result out of range
ovs_meter,OVS_METER_ATTR_ID,OVS_METER_CMD_DEL (3),Null,NumNull,H,Confirmed,Numerical result out of range
ovs_meter,OVS_METER_ATTR_CLEAR,OVS_METER_CMD_SET (2),NumUnderflowUint,NumUnderflow,H,Confirmed,Numerical result out of range
ovs_meter,OVS_METER_ATTR_KBPS,OVS_METER_CMD_SET (2),NumUnderflowUint,NumUnderflow,H,Confirmed,Numerical result out of range
ovs_meter,OVS_METER_ATTR_CLEAR,OVS_METER_CMD_SET (2),NumOverflowUint,NumOverflow,H,Confirmed,Numerical result out of range
ovs_meter,OVS_METER_ATTR_KBPS,OVS_METER_CMD_SET (2),NumMaxUint,NumMaxType,H,Confirmed,Numerical result out of range
ovs_meter,OVS_METER_ATTR_ID,OVS_METER_CMD_DEL (3),NumOverflowUint,NumOverflow,S,Confirmed,None
ovs_meter,OVS_METER_ATTR_ID,OVS_METER_CMD_DEL (3),NumUnderflowUint,NumUnderflow,S,Confirmed,None
ovs_meter,OVS_METER_ATTR_ID,OVS_METER_CMD_DEL (3),NumMinUint,NumMinType,S,Confirmed,None
ovs_meter,OVS_METER_ATTR_ID,OVS_METER_CMD_DEL (3),NumMaxUint,NumMaxType,S,Confirmed,None
